{"playerData":{"playerStats":[100.0,387.0,149.0],"playerPositionAndRotation":[26.762948989868165,1.0799999237060547,-0.017525112256407739,0.0,0.0,0.0]}}